title_id,title_name,genre,content_type,original_language
755898,War of the Worlds,"Science Fiction, Thriller",movie,en
1234821,Jurassic World Rebirth,"Science Fiction, Adventure, Action",movie,en
1195631,William Tell,"Action, Drama, History",movie,en
1106289,The Pickup,"Action, Comedy, Crime",movie,en
1185528,Legends of the Condor Heroes: The Gallants,"Action, Drama, History",movie,zh
1155281,Creation of the Gods II: Demon Force,"Action, Fantasy, War",movie,zh
1087192,How to Train Your Dragon,"Fantasy, Family, Action, Adventure",movie,en
1311031,Demon Slayer: Kimetsu no Yaiba Infinity Castle,"Animation, Action, Fantasy, Thriller",movie,ja
986206,Night Carnage,"Action, Horror, Romance",movie,en
1285247,Murder Company,"War, Action",movie,en
1078605,Weapons,"Horror, Mystery",movie,en
1319895,Hostile Takeover,"Action, Comedy, Thriller",movie,en
980477,Ne Zha 2,"Animation, Fantasy, Adventure, Action",movie,zh
1241470,Osiris,"Science Fiction, Action, Horror",movie,en
1071585,M3GAN 2.0,"Action, Science Fiction, Thriller",movie,en
552524,Lilo & Stitch,"Family, Science Fiction, Comedy, Adventure",movie,en
1307078,My Oxford Year,"Romance, Comedy, Drama",movie,en
1100988,28 Years Later,"Horror, Thriller, Science Fiction",movie,en
617126,The Fantastic 4: First Steps,"Science Fiction, Adventure",movie,en
1061474,Superman,"Science Fiction, Adventure, Action",movie,en
1225572,Screamboat,"Horror, Comedy",movie,en
1011477,Karate Kid: Legends,"Action, Adventure, Drama",movie,en
1119878,Ice Road: Vengeance,"Action, Thriller, Drama",movie,en
803796,KPop Demon Hunters,"Animation, Fantasy, Comedy, Music, Family",movie,en
541671,Ballerina,"Action, Thriller, Crime",movie,en
1263256,Happy Gilmore 2,"Comedy, Drama",movie,en
1339166,Shaman,Horror,movie,es
715253,Phantom,"Action, Thriller, Crime",movie,ko
1452176,Abraham's Boys: A Dracula Story,Horror,movie,en
1124619,Bride Hard,"Action, Comedy",movie,en
1181540,Guns Up,"Action, Comedy, Crime",movie,en
574475,Final Destination Bloodlines,"Horror, Mystery",movie,en
7451,xXx,"Action, Adventure, Thriller, Crime",movie,en
812455,Victoria,Action,movie,en
986056,Thunderbolts*,"Action, Science Fiction, Adventure",movie,en
1315986,Man with No Past,"Action, Drama",movie,en
1374534,Almost Cops,"Action, Comedy, Crime, Mystery",movie,nl
1125257,Freakier Friday,"Comedy, Fantasy, Family",movie,en
1188423,Site,"Science Fiction, Thriller, Horror",movie,en
13499,"Yours, Mine & Ours","Comedy, Family, Romance",movie,en
575265,Mission: Impossible - The Final Reckoning,"Action, Adventure, Thriller",movie,en
1353328,Hook,Horror,movie,en
1280461,Dirty Ice Cream,Drama,movie,tl
1175942,The Bad Guys 2,"Family, Comedy, Crime, Adventure, Animation",movie,en
1365103,Marriage Unplugged,"Science Fiction, Comedy, Drama",movie,en
911430,F1,"Action, Drama",movie,en
1135829,Un Reino Para Todos Nosotros,"Animation, Adventure, Science Fiction",movie,es
1040229,T.I.M.,"Science Fiction, Thriller, Horror",movie,en
615453,Ne Zha,"Animation, Fantasy, Adventure",movie,zh
1151031,Bring Her Back,Horror,movie,en
1403735,Laila,"Comedy, Romance",movie,te
1236471,Everyone Is Going to Die,"Horror, Thriller, Drama",movie,en
715287,Stepmom's Desire,"Drama, Romance",movie,ko
1136867,Materialists,"Romance, Drama",movie,en
950387,A Minecraft Movie,"Family, Fantasy, Comedy, Adventure, Action",movie,en
1242011,Together,Horror,movie,en
1152798,Game On,"Comedy, Adventure",movie,nl
749170,Heads of State,"Action, Thriller, Comedy",movie,en
611251,Jokōsei torio: seikan shiken,"Romance, Drama",movie,ja
846422,The Old Guard 2,"Action, Fantasy",movie,en
259872,Skin. Like. Sun.,Romance,movie,fr
390635,Fate/stay night: Heaven's Feel III. Spring Song,"Animation, Romance, Fantasy, Action, Drama",movie,ja
1278950,The Ritual,"Horror, Drama, Thriller",movie,en
1035259,The Naked Gun,"Comedy, Crime",movie,en
1058537,Angels Fallen: Warriors of Peace,"Horror, Action, Fantasy, Adventure",movie,en
1326106,Kaiju No. 8: Mission Recon,"Animation, Action, Science Fiction",movie,ja
1197306,A Working Man,"Action, Crime, Thriller",movie,en
1285965,Dangerous Animals,"Horror, Thriller",movie,en
1087891,The Amateur,"Thriller, Action",movie,en
1241982,Moana 2,"Animation, Adventure, Family, Comedy",movie,en
846817,Night,Animation,movie,ar
648878,Eddington,"Western, Comedy, Crime",movie,en
936108,Smurfs,"Animation, Family, Fantasy",movie,en
1189735,Fréwaka,Horror,movie,ga
1010581,My Fault,"Romance, Drama",movie,es
1233413,Sinners,"Horror, Action, Thriller",movie,en
870028,The Accountant²,"Mystery, Crime, Thriller",movie,en
939243,Sonic the Hedgehog 3,"Action, Science Fiction, Comedy, Family",movie,en
1513598,Stolen: Heist of the Century,"Documentary, Crime",movie,en
1287536,Dora and the Search for Sol Dorado,"Adventure, Comedy, Family",movie,en
1232827,The Girl with the Needle,"Drama, History",movie,da
1280444,The Occupant,"Science Fiction, Drama, Thriller",movie,en
947478,The Green Dinosaur,"Animation, Family, Adventure, Fantasy, Comedy",movie,en
157336,Interstellar,"Adventure, Drama, Science Fiction",movie,en
278,The Shawshank Redemption,"Drama, Crime",movie,en
1022789,Inside Out 2,"Animation, Adventure, Comedy, Family",movie,en
1205515,"Sorry, Baby","Drama, Comedy",movie,en
519182,Despicable Me 4,"Family, Comedy, Animation, Science Fiction",movie,en
950396,The Gorge,"Romance, Science Fiction, Thriller",movie,en
822119,Captain America: Brave New World,"Action, Thriller, Science Fiction",movie,en
713364,Clown in a Cornfield,"Horror, Mystery, Thriller",movie,en
1376434,Predator: Killer of Killers,"Animation, Action, Science Fiction, Thriller",movie,en
1241634,Saiyaara,"Romance, Drama",movie,hi
533535,Deadpool & Wolverine,"Action, Comedy, Science Fiction",movie,en
1470086,Ligaw,"Drama, Romance",movie,tl
1100998,SuperKlaus,"Animation, Comedy, Family, Adventure",movie,en
1246369,Muromachi Burai,"Action, Drama",movie,ja
605722,Long Distance,"Science Fiction, Comedy, Action",movie,en
1155324,King Ivory,"Crime, Drama, Thriller",movie,en
912044,Weekend,"Comedy, Drama",movie,es
671,Harry Potter and the Philosopher's Stone,"Adventure, Fantasy",movie,en
460229,Kiss and Kill,"Mystery, Thriller, Romance",movie,en
10330,Freaky Friday,"Family, Fantasy, Comedy",movie,en
1311844,The Twisters,"Action, Adventure, Drama",movie,en
1466120,Dead Again,"Thriller, Romance, Mystery",movie,ko
1476292,Kalakal,"Drama, Romance",movie,tl
829557,365 Days: This Day,"Romance, Drama",movie,pl
1245934,Séance Games: Metaxu,"Horror, Thriller, Crime",movie,en
1294949,Mamá Reinventada,Comedy,movie,es
1040159,My Massive Cock,Documentary,movie,en
993234,Borders of Love,"Drama, Romance",movie,cs
762509,Mufasa: The Lion King,"Adventure, Family, Animation",movie,en
447273,Snow White,"Family, Fantasy",movie,en
1391047,Control Room,"Science Fiction, Thriller, Horror",movie,es
1211373,바람난 아내들2,,movie,ko
1268870,Nudus,"Horror, Thriller, Science Fiction",movie,es
24428,The Avengers,"Science Fiction, Action, Adventure",movie,en
629542,The Bad Guys,"Family, Comedy, Crime, Adventure, Animation",movie,en
170,28 Days Later,"Horror, Thriller, Science Fiction",movie,en
299536,Avengers: Infinity War,"Adventure, Action, Science Fiction",movie,en
1284120,The Ugly Stepsister,"Horror, Comedy, Fantasy, Drama",movie,no
1156593,Your Fault,"Romance, Drama",movie,es
80295,14 and Under,"Comedy, Romance",movie,de
1442776,Crazy Lizard,"Action, Thriller, Horror",movie,zh
9738,Fantastic Four,"Action, Fantasy, Science Fiction",movie,en
82023,Hotel Desire,"Drama, Romance",movie,de
912649,Venom: The Last Dance,"Action, Science Fiction, Adventure",movie,en
666154,Kayara,"Animation, Adventure, Family",movie,en
507086,Jurassic World Dominion,"Adventure, Action, Science Fiction",movie,en
634649,Spider-Man: No Way Home,"Action, Adventure, Science Fiction",movie,en
9614,Happy Gilmore,Comedy,movie,en
1241436,Warfare,"War, Action",movie,en
226674,The Adolescent,Drama,movie,fr
1358013,Un funeral de locos,Comedy,movie,es
1294203,My Fault: London,"Romance, Drama",movie,en
1477114,Sorority,"Drama, Romance",movie,tl
933260,The Substance,"Drama, Horror, Science Fiction",movie,en
238,The Godfather,"Drama, Crime",movie,en
138843,The Conjuring,"Horror, Thriller",movie,en
27205,Inception,"Action, Science Fiction, Adventure",movie,en
757725,Shadow Force,"Action, Drama, Thriller",movie,en
1084199,Companion,"Horror, Science Fiction, Thriller",movie,en
936946,Harvest,Drama,movie,en
597,Titanic,"Drama, Romance",movie,en
1232546,Until Dawn,"Horror, Mystery",movie,en
1354253,The Girl Downstairs Extra: Promised Future,"Animation, Comedy, Drama, Romance",movie,zh
385687,Fast X,"Action, Crime, Thriller, Adventure, Mystery",movie,en
1234720,Couple Exchange,Romance,movie,ko
1252309,Ask Me What You Want,"Romance, Drama",movie,es
120,The Lord of the Rings: The Fellowship of the Ring,"Adventure, Fantasy, Action",movie,en
19995,Avatar,"Action, Adventure, Fantasy, Science Fiction",movie,en
1184918,The Wild Robot,"Animation, Science Fiction, Family",movie,en
539972,Kraven the Hunter,"Action, Adventure, Thriller",movie,en
1269208,Wall to Wall,"Thriller, Drama",movie,ko
856289,Creation of the Gods I: Kingdom of Storms,"Action, Fantasy, War",movie,zh
155,The Dark Knight,"Drama, Action, Crime, Thriller",movie,en
1153714,Death of a Unicorn,"Horror, Fantasy, Comedy",movie,en
1413643,Sin él,"Thriller, Horror, Drama",movie,es
1140535,Presence,"Horror, Thriller, Drama",movie,en
842924,The Life of Chuck,"Science Fiction, Fantasy, Drama",movie,en
1426776,STRAW,"Thriller, Drama, Crime",movie,en
76600,Avatar: The Way of Water,"Science Fiction, Adventure, Action",movie,en
945961,Alien: Romulus,"Horror, Science Fiction",movie,en
968171,Sex Education Mistresses,Comedy,movie,ja
1303660,The Outlaws,Western,movie,en
1017163,The Roundup: Punishment,"Action, Crime, Drama, Thriller, Comedy",movie,ko
1011985,Kung Fu Panda 4,"Animation, Family, Action, Comedy, Adventure, Fantasy",movie,en
216015,Fifty Shades of Grey,"Drama, Romance, Thriller",movie,en
1064307,Spermageddon,"Animation, Comedy, Adventure",movie,no
411,"The Chronicles of Narnia: The Lion, the Witch and the Wardrobe","Adventure, Family, Fantasy",movie,en
1239193,Deep Cover,"Action, Comedy, Crime",movie,en
315635,Spider-Man: Homecoming,"Action, Adventure, Science Fiction",movie,en
1083433,I Know What You Did Last Summer,"Horror, Mystery, Thriller",movie,en
1471014,Van Gogh by Vincent,Documentary,movie,fr
198663,The Maze Runner,"Action, Mystery, Science Fiction, Thriller",movie,en
1429744,Ziam,"Horror, Thriller, Action",movie,th
1127110,Diablo,"Action, Thriller",movie,en
1084153,Sneaks,"Family, Comedy, Adventure, Animation",movie,en
823219,Flow,"Animation, Adventure, Fantasy, Family",movie,lv
1357459,Triangle,"Drama, Romance",movie,tl
135397,Jurassic World,"Action, Adventure, Science Fiction, Thriller",movie,en
1246310,Madea's Destination Wedding,"Comedy, Drama",movie,en
324544,In the Lost Lands,"Action, Fantasy, Adventure",movie,en
1243341,Zombies 4 - Dawn of the Vampires,"Music, Adventure, Romance, Comedy, Family",movie,en
10138,Iron Man 2,"Adventure, Action, Science Fiction",movie,en
16,Dancer in the Dark,"Drama, Crime",movie,en
672,Harry Potter and the Chamber of Secrets,"Adventure, Fantasy",movie,en
269149,Zootopia,"Animation, Adventure, Family, Comedy",movie,en
1022787,Elio,"Animation, Family, Comedy, Adventure, Science Fiction",movie,en
1425045,Brick,"Thriller, Science Fiction",movie,de
361743,Top Gun: Maverick,"Action, Drama",movie,en
1181039,Candle in the Tomb: The Worm Valley,"Action, Adventure, Horror",movie,zh
674,Harry Potter and the Goblet of Fire,"Adventure, Fantasy",movie,en
558449,Gladiator II,"Action, Adventure, Drama",movie,en
1315988,Mikaela,"Action, Thriller, Adventure",movie,es
1126166,Flight Risk,"Action, Thriller",movie,en
22,Pirates of the Caribbean: The Curse of the Black Pearl,"Adventure, Fantasy, Action",movie,en
122,The Lord of the Rings: The Return of the King,"Adventure, Fantasy, Action",movie,en
673,Harry Potter and the Prisoner of Azkaban,"Adventure, Fantasy",movie,en
1064213,Anora,"Drama, Comedy, Romance",movie,en
1090007,First Shift,"Crime, Thriller, Action",movie,en
808,Shrek,"Animation, Comedy, Fantasy, Adventure, Family",movie,en
1007734,Nobody 2,"Action, Thriller, Crime",movie,en
569094,Spider-Man: Across the Spider-Verse,"Animation, Action, Adventure, Science Fiction",movie,en
1329271,Oho Enthan Baby,Romance,movie,ta
351286,Jurassic World: Fallen Kingdom,"Action, Adventure, Science Fiction, Thriller",movie,en
1187436,An Honest Life,"Thriller, Drama",movie,sv
414906,The Batman,"Crime, Mystery, Thriller",movie,en
675,Harry Potter and the Order of the Phoenix,"Adventure, Fantasy",movie,en
1257586,The Hangman,"Horror, Thriller",movie,en
557,Spider-Man,"Action, Science Fiction",movie,en
1018852,Queen of Bones,"Mystery, Drama, Thriller, Horror",movie,en
1979,Fantastic Four: Rise of the Silver Surfer,"Science Fiction, Adventure, Action",movie,en
12445,Harry Potter and the Deathly Hallows: Part 2,"Fantasy, Adventure",movie,en
1412113,Squid Game: Making Season 2,Documentary,movie,ko
1118031,Apocalypse Z: The Beginning of the End,"Drama, Action, Horror",movie,es
592695,Pleasure,Drama,movie,sv
296096,Me Before You,"Drama, Romance",movie,en
166424,Fantastic Four,"Action, Adventure, Science Fiction",movie,en
1449951,Snow White,"Animation, Family, Fantasy",movie,en
1429834,Almost Family,Comedy,movie,pt
675308,Lingering,"Horror, Mystery",movie,ko
845781,Red One,"Action, Comedy, Fantasy",movie,en
436969,The Suicide Squad,"Action, Comedy, Adventure",movie,en
13,Forrest Gump,"Comedy, Drama, Romance",movie,en
19173,Diary of a Nymphomaniac,"Drama, Romance",movie,es
693134,Dune: Part Two,"Science Fiction, Adventure",movie,en
1450599,K.O.,"Action, Drama, Adventure",movie,fr
1379587,Utopia,"Mystery, Thriller, Action, Science Fiction",movie,en
537915,After,"Romance, Drama",movie,en
10191,How to Train Your Dragon,"Fantasy, Adventure, Animation, Family",movie,en
297762,Wonder Woman,"Action, Adventure, Fantasy",movie,en
603692,John Wick: Chapter 4,"Action, Thriller, Crime",movie,en
1491902,Bang,"Action, Thriller",movie,th
8966,Twilight,"Fantasy, Drama, Romance",movie,en
707610,Bosomy Mom,"Drama, Romance",movie,ko
359410,Road House,"Action, Thriller",movie,en
1140142,Yakuza bayashi,,movie,ja
9806,The Incredibles,"Action, Adventure, Animation, Family",movie,en
106646,The Wolf of Wall Street,"Crime, Drama, Comedy",movie,en
1145358,Dead Man's Hand,Western,movie,en
429617,Spider-Man: Far From Home,"Action, Adventure, Science Fiction",movie,en
810658,Adam the First,Drama,movie,en
14836,Coraline,"Animation, Family, Fantasy",movie,en
209112,Batman v Superman: Dawn of Justice,"Action, Adventure, Fantasy",movie,en
1124620,The Monkey,"Horror, Comedy",movie,en
872585,Oppenheimer,"Drama, History",movie,en
807,Se7en,"Crime, Mystery, Thriller",movie,en
12444,Harry Potter and the Deathly Hallows: Part 1,"Adventure, Fantasy",movie,en
38365,Grown Ups,Comedy,movie,en
173705,Female Teacher: In Front of the Students,"Drama, Mystery, Horror",movie,ja
82702,How to Train Your Dragon 2,"Fantasy, Action, Adventure, Animation, Comedy, Family",movie,en
550,Fight Club,"Drama, Thriller",movie,en
502356,The Super Mario Bros. Movie,"Family, Fantasy, Comedy, Adventure, Animation",movie,en
1399515,The Adventure,Comedy,movie,zh
1289601,Life After Fighting,"Action, Drama, Thriller",movie,en
910838,Bella,Horror,movie,es
823464,Godzilla x Kong: The New Empire,"Action, Adventure, Science Fiction",movie,en
1240475,Hunt the Wicked,Action,movie,zh
680,Pulp Fiction,"Thriller, Crime, Comedy, Drama",movie,en
603,The Matrix,"Action, Science Fiction",movie,en
862,Toy Story,"Animation, Adventure, Family, Comedy",movie,en
1233069,Exterritorial,"Thriller, Action",movie,de
637649,Wrath of Man,"Thriller, Crime, Drama",movie,en
1094473,Bambi: A Tale of Life in the Woods,"Adventure, Family, Documentary",movie,fr
843527,The Idea of You,"Romance, Drama, Comedy",movie,en
402431,Wicked,"Drama, Romance, Fantasy",movie,en
1285728,A Normal Woman,"Drama, Thriller, Horror",movie,id
1241752,Rita,Drama,movie,tl
1026222,Saint Clare,"Thriller, Horror",movie,en
767,Harry Potter and the Half-Blood Prince,"Adventure, Fantasy",movie,en
173185,It Boy,Comedy,movie,fr
694943,Pizza Dare 1,Romance,movie,ko
122917,The Hobbit: The Battle of the Five Armies,"Action, Adventure, Fantasy",movie,en
639720,IF,"Comedy, Fantasy, Family",movie,en
423108,The Conjuring: The Devil Made Me Do It,"Horror, Mystery, Thriller",movie,en
354912,Coco,"Family, Animation, Music, Adventure",movie,en
1726,Iron Man,"Action, Science Fiction, Adventure",movie,en
348,Alien,"Horror, Science Fiction",movie,en
99861,Avengers: Age of Ultron,"Action, Adventure, Science Fiction",movie,en
969778,Hollywood Dream,"Drama, Thriller",movie,ru
999147,Lost Country,Drama,movie,sr
536554,M3GAN,"Science Fiction, Horror",movie,en
370663,Below Her Mouth,"Drama, Romance",movie,en
1329336,The Bad Guys: Haunted Heist,"Animation, Comedy",movie,en
1029575,The Family Plan,"Action, Comedy, Family",movie,en
585,"Monsters, Inc.","Animation, Comedy, Family",movie,en
129,Spirited Away,"Animation, Family, Fantasy",movie,ja
16869,Inglourious Basterds,"Drama, Thriller, War",movie,en
1508562,I'm Still a Superstar,"Documentary, Music",movie,es
1562,28 Weeks Later,"Horror, Thriller, Science Fiction",movie,en
1034541,Terrifier 3,"Horror, Thriller",movie,en
1414272,Belyas,Drama,movie,tl
438631,Dune,"Science Fiction, Adventure",movie,en
994682,Sexy Oral: Uwakina Kuchibiru,Drama,movie,ja
1355126,Sugar Mill,"Horror, Thriller",movie,id
496243,Parasite,"Comedy, Thriller, Drama",movie,ko
635302,Demon Slayer -Kimetsu no Yaiba- The Movie: Mugen Train,"Animation, Action, Fantasy, Thriller",movie,ja
453395,Doctor Strange in the Multiverse of Madness,"Fantasy, Action, Adventure",movie,en
39254,Real Steel,"Action, Science Fiction, Drama",movie,en
8587,The Lion King,"Family, Animation, Drama, Fantasy, Adventure",movie,en
1100782,Smile 2,"Horror, Mystery",movie,en
791373,Zack Snyder's Justice League,"Action, Adventure, Fantasy",movie,en
58,Pirates of the Caribbean: Dead Man's Chest,"Adventure, Fantasy, Action",movie,en
259693,The Conjuring 2,Horror,movie,en
337167,Fifty Shades Freed,"Drama, Romance",movie,en
573435,Bad Boys: Ride or Die,"Action, Comedy, Crime, Thriller, Adventure",movie,en
575264,Mission: Impossible - Dead Reckoning Part One,"Action, Adventure, Thriller",movie,en
559,Spider-Man 3,"Action, Adventure, Science Fiction",movie,en
41264,Africa Blood and Guts,"Documentary, Horror",movie,it
299534,Avengers: Endgame,"Adventure, Science Fiction, Action",movie,en
166428,How to Train Your Dragon: The Hidden World,"Animation, Family, Adventure",movie,en
863,Toy Story 2,"Animation, Comedy, Family",movie,en
1357633,Solo Leveling -ReAwakening-,"Action, Adventure, Fantasy, Animation",movie,ja
1930,The Amazing Spider-Man,"Action, Adventure, Science Fiction",movie,en
1056108,Summer Holiday,Drama,movie,bn
653346,Kingdom of the Planet of the Apes,"Science Fiction, Adventure, Action, Drama, Thriller",movie,en
324857,Spider-Man: Into the Spider-Verse,"Animation, Action, Adventure, Science Fiction",movie,en
11,Star Wars,"Adventure, Action, Science Fiction",movie,en
2105,American Pie,"Comedy, Romance",movie,en
1020910,Influencer,"Horror, Mystery, Thriller",movie,en
1059073,Winter Spring Summer or Fall,"Romance, Comedy, Drama",movie,en
896536,The Legend of Ochi,"Family, Fantasy, Adventure",movie,en
346698,Barbie,"Comedy, Adventure",movie,en
121,The Lord of the Rings: The Two Towers,"Adventure, Fantasy, Action",movie,en
1027938,Milk Teeth,Drama,movie,de
293660,Deadpool,"Action, Adventure, Comedy",movie,en
68721,Iron Man 3,"Action, Adventure, Science Fiction",movie,en
49026,The Dark Knight Rises,"Action, Crime, Drama, Thriller",movie,en
667538,Transformers: Rise of the Beasts,"Science Fiction, Adventure, Action",movie,en
283995,Guardians of the Galaxy Vol. 2,"Science Fiction, Adventure, Action",movie,en
22705,Cheeky,"Comedy, Drama, Romance",movie,it
866398,The Beekeeper,"Thriller, Action, Crime",movie,en
1359977,Conjuring the Cult,"Horror, Drama",movie,en
1357933,The Cellar,Horror,movie,en
177572,Big Hero 6,"Adventure, Family, Animation, Action, Comedy",movie,en
285,Pirates of the Caribbean: At World's End,"Adventure, Fantasy, Action",movie,en
98,Gladiator,"Action, Drama, Adventure",movie,en
426063,Nosferatu,"Drama, Horror, Fantasy",movie,en
228150,Fury,"War, Drama, Action",movie,en
3933,Corpse Bride,"Romance, Fantasy, Animation",movie,en
18785,The Hangover,Comedy,movie,en
1145645,Kamadora,Drama,movie,tl
109445,Frozen,"Animation, Family, Adventure, Fantasy",movie,en
146233,Prisoners,"Drama, Thriller, Crime",movie,en
156022,The Equalizer,"Thriller, Action, Crime",movie,en
324552,John Wick: Chapter 2,"Action, Thriller, Crime",movie,en
1232933,Fear Below,"Horror, Action, Adventure, Thriller",movie,en
396535,Train to Busan,"Horror, Thriller, Action, Adventure",movie,ko
50839,Margin Call,"Thriller, Drama",movie,en
37136,The Naked Gun: From the Files of Police Squad!,"Comedy, Crime",movie,en
615457,Nobody,"Action, Thriller",movie,en
387824,Mom's Friend,Drama,movie,ko
897160,Brave Citizen,"Action, Drama, Comedy",movie,ko
466272,Once Upon a Time... in Hollywood,"Comedy, Drama, Thriller",movie,en
49521,Man of Steel,"Action, Adventure, Science Fiction",movie,en
1865,Pirates of the Caribbean: On Stranger Tides,"Adventure, Action, Fantasy",movie,en
447365,Guardians of the Galaxy Vol. 3,"Science Fiction, Adventure, Action, Comedy",movie,en
298618,The Flash,"Adventure, Action, Science Fiction",movie,en
668489,Havoc,"Action, Crime, Thriller",movie,en
260513,Incredibles 2,"Action, Adventure, Animation, Family",movie,en
1490320,Pleasant  Goat and Big Big Wolf: Bright New Dawn,"Animation, Adventure, Comedy",movie,zh
231164,Sweet Whip,"Drama, Crime",movie,ja
1135869,Salome,"Drama, Romance",movie,ho
497,The Green Mile,"Fantasy, Drama, Crime",movie,en
829560,The Next 365 Days,"Romance, Drama",movie,pl
809,Shrek 2,"Animation, Family, Comedy, Fantasy, Adventure",movie,en
389,12 Angry Men,Drama,movie,en
957119,Sidelined: The QB and Me,"Comedy, Romance",movie,en
626735,Dog,"Drama, Comedy",movie,en
210577,Gone Girl,"Mystery, Thriller, Drama",movie,en
168259,Furious 7,"Action, Crime, Thriller",movie,en
150540,Inside Out,"Animation, Family, Adventure, Drama, Comedy",movie,en
1043905,Dirty Angels,"Action, Drama, Thriller, War",movie,en
272,Batman Begins,"Drama, Crime, Action",movie,en
240,The Godfather Part II,"Drama, Crime",movie,en
1264854,Wanted: Girlfriend,"Drama, Romance",movie,tl
38757,Tangled,"Animation, Family, Adventure",movie,en
1072790,Anyone But You,"Romance, Comedy",movie,en
315162,Puss in Boots: The Last Wish,"Animation, Adventure, Fantasy, Comedy, Family",movie,en
811941,Devara: Part 1,"Action, Drama",movie,te
2062,Ratatouille,"Animation, Comedy, Family, Fantasy",movie,en
1097549,Babygirl,Drama,movie,en
696506,Mickey 17,"Science Fiction, Comedy, Adventure",movie,en
269955,Obsessed,Drama,movie,ko
458156,John Wick: Chapter 3 - Parabellum,"Action, Thriller, Crime",movie,en
1053594,Goat Girl,Drama,movie,es
1147416,"Miraculous World: London, At the Edge of Time","Animation, Adventure, Action, Fantasy",movie,fr
748783,The Garfield Movie,"Family, Comedy, Adventure, Animation",movie,en
1137350,The Phoenician Scheme,"Adventure, Comedy",movie,en
507089,Five Nights at Freddy's,"Horror, Thriller",movie,en
350,The Devil Wears Prada,"Drama, Comedy",movie,en
111,Scarface,"Action, Crime, Drama",movie,en
271110,Captain America: Civil War,"Adventure, Action, Science Fiction",movie,en
335984,Blade Runner 2049,"Science Fiction, Drama",movie,en
578,Jaws,"Horror, Thriller, Adventure",movie,en
799583,The Ministry of Ungentlemanly Warfare,"Action, Comedy, War",movie,en
150689,Cinderella,"Romance, Fantasy, Family, Drama",movie,en
1183761,Here Now,"Drama, Thriller, Crime",movie,en
439079,The Nun,Horror,movie,en
744,Top Gun,"Action, Drama",movie,en
84706,Colour Blossoms,Romance,movie,cn
102382,The Amazing Spider-Man 2,"Action, Adventure, Science Fiction",movie,en
290098,The Handmaiden,"Thriller, Drama, Romance",movie,ko
2907,The Addams Family,"Comedy, Fantasy",movie,en
9532,Final Destination,Horror,movie,en
1055110,Female Teacher Closing the Door,"Romance, Drama",movie,ja
505642,Black Panther: Wakanda Forever,"Action, Adventure, Science Fiction",movie,en
105,Back to the Future,"Adventure, Comedy, Science Fiction",movie,en
976573,Elemental,"Animation, Comedy, Family, Fantasy, Romance",movie,en
329,Jurassic Park,"Adventure, Science Fiction",movie,en
1391013,Aap Jaisa Koi,"Romance, Comedy",movie,hi
475557,Joker,"Crime, Thriller, Drama",movie,en
1236197,Follow,"Thriller, Drama, Romance",movie,es
1212855,Fight or Flight,"Action, Comedy, Thriller",movie,en
11324,Shutter Island,"Drama, Thriller, Mystery",movie,en
801335,Girl in the Basement,"Thriller, Crime, TV Movie",movie,en
1317276,given the Movie: To the Sea,"Animation, Romance",movie,ja
12,Finding Nemo,"Animation, Family",movie,en
1438208,Blind Vacation,"Comedy, Romance",movie,uk
244786,Whiplash,"Drama, Music",movie,en
118,Charlie and the Chocolate Factory,"Adventure, Comedy, Family, Fantasy",movie,en
38575,The Karate Kid,"Action, Adventure, Drama, Family",movie,en
718930,Bullet Train,"Action, Comedy, Thriller",movie,en
615656,Meg 2: The Trench,"Action, Science Fiction, Horror",movie,en
868759,Ghosted,"Action, Comedy, Romance",movie,en
425,Ice Age,"Animation, Comedy, Family, Adventure",movie,en
76341,Mad Max: Fury Road,"Action, Adventure, Science Fiction",movie,en
424,Schindler's List,"Drama, History, War",movie,en
6977,No Country for Old Men,"Crime, Drama, Thriller",movie,en
928334,Julia's Lover,"Romance, Drama",movie,pt
1148817,Vina: Before 7 Days,"Crime, Horror, Drama, Mystery, Thriller",movie,id
233651,Sex Rider: Wet Highway,Thriller,movie,ja
10198,The Princess and the Frog,"Animation, Romance, Fantasy, Family",movie,en
202804,Hannah,Drama,movie,de
11544,Lilo & Stitch,"Animation, Family, Comedy",movie,en
280,Terminator 2: Judgment Day,"Action, Thriller, Science Fiction",movie,en
218,The Terminator,"Action, Thriller, Science Fiction",movie,en
1813,The Devil's Advocate,"Drama, Mystery, Thriller, Horror",movie,en
14160,Up,"Animation, Comedy, Family, Adventure",movie,en
1160956,Panda Plan,"Action, Comedy",movie,zh
1356039,Counterattack,"Action, Adventure, Thriller",movie,es
1064486,Memoir of a Snail,"Animation, Drama, Comedy",movie,en
954,Mission: Impossible,"Adventure, Action, Thriller",movie,en
11036,The Notebook,"Romance, Drama",movie,en
769,GoodFellas,"Drama, Crime",movie,en
1270305,The Star I Lost,"Drama, Comedy",movie,es
698687,Transformers One,"Animation, Science Fiction, Adventure, Family",movie,en
12153,White Chicks,"Comedy, Crime",movie,en
508947,Turning Red,"Animation, Family, Comedy, Fantasy",movie,en
1128650,The Prosecutor,"Action, Drama, Crime, Thriller",movie,cn
786892,Furiosa: A Mad Max Saga,"Action, Science Fiction, Adventure",movie,en
585083,Hotel Transylvania: Transformania,"Animation, Comedy, Family, Adventure, Fantasy",movie,en
1356236,Saint Catherine,Horror,movie,en
8681,Taken,"Action, Thriller",movie,en
1275003,Spirit in the Blood,"Thriller, Horror",movie,en
72190,World War Z,"Action, Horror, Science Fiction, Thriller",movie,en
330457,Frozen II,"Family, Animation, Adventure, Comedy, Fantasy",movie,en
913290,Barbarian,"Horror, Thriller",movie,en
10020,Beauty and the Beast,"Romance, Family, Animation, Fantasy",movie,en
710258,Rust,Western,movie,en
49051,The Hobbit: An Unexpected Journey,"Adventure, Fantasy, Action",movie,en
106,Predator,"Science Fiction, Action, Adventure, Thriller",movie,en
589018,Savages,"Adventure, Animation, Drama, Family",movie,fr
109418,Grown Ups 2,Comedy,movie,en
474350,It Chapter Two,"Horror, Thriller",movie,en
207,Dead Poets Society,Drama,movie,en
22881,The Blind Side,Drama,movie,en
2758,Addams Family Values,"Comedy, Family, Fantasy",movie,en
489,Good Will Hunting,Drama,movie,en
10192,Shrek Forever After,"Comedy, Adventure, Fantasy, Animation, Family",movie,en
1409925,Away,Drama,movie,ca
20352,Despicable Me,"Family, Comedy, Animation",movie,en
284053,Thor: Ragnarok,"Action, Adventure, Science Fiction",movie,en
372049,My Friend's Wife,Romance,movie,ko
1083968,Locked,"Horror, Thriller",movie,en
999243,Hell of a Summer,"Horror, Comedy, Mystery",movie,en
1164355,Lembayung,"Horror, Thriller",movie,id
252978,Let's Switch!,"Comedy, TV Movie",movie,en
312221,Creed,"Action, Drama",movie,en
800409,Zarnitsa,Drama,movie,ru
566525,Shang-Chi and the Legend of the Ten Rings,"Action, Adventure, Fantasy",movie,en
302946,The Accountant,"Crime, Thriller, Drama",movie,en
846433,The Enforcer,"Action, Crime, Drama",movie,en
37165,The Truman Show,"Comedy, Drama",movie,en
4348,Pride & Prejudice,"Drama, Romance",movie,en
588228,The Tomorrow War,"Action, Science Fiction, Adventure",movie,en
384018,Fast & Furious Presents: Hobbs & Shaw,"Action, Adventure, Comedy",movie,en
79871,Crazy Love,"Comedy, Romance, Drama",movie,cn
640,Catch Me If You Can,"Drama, Crime",movie,en
1125899,Cleaner,"Action, Thriller",movie,en
469877,Picture of Beauty,"Drama, Romance",movie,en
10625,Mean Girls,"Drama, Comedy",movie,en
568124,Encanto,"Animation, Comedy, Family, Fantasy",movie,en
1249289,Alarum,"Action, Crime, Thriller",movie,en
998630,The Lost Children,"Thriller, Fantasy, Drama, Horror",movie,fr
1924,Superman,"Science Fiction, Action, Adventure",movie,en
205596,The Imitation Game,"History, Drama, Thriller, War",movie,en
953,Madagascar,"Family, Animation, Adventure, Comedy",movie,en
1309584,Una figlia,Drama,movie,it
652,Troy,"War, Action, History",movie,en
1195506,Novocaine,"Action, Comedy, Thriller",movie,en
55779,Final Destination 5,"Horror, Mystery",movie,en
166426,Pirates of the Caribbean: Dead Men Tell No Tales,"Adventure, Action, Fantasy",movie,en
1337395,Kiskisan,Drama,movie,tl
1405338,Demon City,"Action, Crime, Fantasy, Thriller",movie,ja
490132,Green Book,"Drama, History",movie,en
1297763,Batman Ninja vs. Yakuza League,"Animation, Action, Science Fiction",movie,ja
458220,Palmer,Drama,movie,en
940551,Migration,"Family, Comedy, Adventure, Animation",movie,en
74,War of the Worlds,"Adventure, Thriller, Science Fiction",movie,en
137113,Edge of Tomorrow,"Action, Science Fiction",movie,en
1131759,Omniscient Reader: The Prophecy,"Action, Adventure, Fantasy",movie,ko
437542,I Don't Like Younger Men,Romance,movie,ko
926393,The Equalizer 3,"Action, Thriller, Crime",movie,en
335983,Venom,"Science Fiction, Action",movie,en
572802,Aquaman and the Lost Kingdom,"Action, Adventure, Fantasy",movie,en
4935,Howl's Moving Castle,"Fantasy, Animation, Adventure",movie,ja
10674,Mulan,"Animation, Family, Adventure",movie,en
927342,Amaran,"Action, Drama, Adventure, War",movie,ta
346364,It,"Horror, Thriller",movie,en
1042834,Eden,"Thriller, Drama",movie,en
464052,Wonder Woman 1984,"Action, Adventure, Fantasy",movie,en
63311,The Skin I Live In,"Drama, Horror, Mystery, Thriller",movie,es
1153399,Coolie,"Action, Thriller, Crime",movie,ta
47971,xXx: Return of Xander Cage,"Action, Adventure, Crime",movie,en
73861,A Serbian Film,"Crime, Horror, Thriller",movie,sr
45243,The Hangover Part II,Comedy,movie,en
1064028,Subservience,"Science Fiction, Horror, Thriller",movie,en
372058,Your Name.,"Animation, Romance, Drama",movie,ja
1278164,Blood Brothers: Dragon's Embers,"Action, Crime, Drama, Thriller",movie,ms
839033,The Lord of the Rings: The War of the Rohirrim,"Animation, Fantasy, Adventure, Action",movie,en
762441,A Quiet Place: Day One,"Horror, Science Fiction, Thriller",movie,en
679,Aliens,"Action, Thriller, Science Fiction",movie,en
10195,Thor,"Adventure, Fantasy, Action",movie,en
11224,Cinderella,"Family, Fantasy, Animation, Romance",movie,en
102651,Maleficent,"Fantasy, Adventure, Action, Family, Romance",movie,en
587727,Busty Girlfriend,Romance,movie,ko
854,The Mask,"Romance, Comedy, Crime, Fantasy",movie,en
1266536,Strawberry Prince Movie: The Beginning - Strawberry School Festival!!!,"Animation, Music",movie,ja
1257960,Sikandar,"Action, Drama",movie,hi
24021,The Twilight Saga: Eclipse,"Adventure, Fantasy, Drama, Romance",movie,en
985939,Fall,Thriller,movie,en
792307,Poor Things,"Science Fiction, Romance, Comedy",movie,en
50620,The Twilight Saga: Breaking Dawn - Part 2,"Adventure, Fantasy, Drama, Romance",movie,en
1129598,Prey,"Action, Thriller, Horror",movie,en
568770,The Containment,"Horror, Mystery",movie,es
260346,Taken 3,"Thriller, Action",movie,en
420818,The Lion King,"Adventure, Drama, Family, Animation",movie,en
564,The Mummy,"Adventure, Action, Fantasy",movie,en
50619,The Twilight Saga: Breaking Dawn - Part 1,"Adventure, Fantasy, Romance",movie,en
992638,Catching Dust,Drama,movie,en
9358,Final Destination 2,"Horror, Mystery",movie,en
670,Oldboy,"Drama, Thriller, Mystery, Action",movie,ko
10681,WALL·E,"Animation, Family, Science Fiction",movie,en
480530,Creed II,"Drama, Action",movie,en
1241894,Woodwalkers,"Family, Fantasy",movie,de
1035048,Elevation,"Action, Science Fiction, Thriller",movie,en
333339,Ready Player One,"Adventure, Action, Science Fiction",movie,en
939099,swingers ZwingerZ,"Documentary, Romance, Drama",movie,es
18239,The Twilight Saga: New Moon,"Adventure, Fantasy, Drama, Romance",movie,en
744275,After We Fell,"Romance, Drama",movie,en
676685,Panda Bear in Africa,"Animation, Adventure, Comedy, Family",movie,nl
577922,Tenet,"Action, Thriller, Science Fiction",movie,en
9502,Kung Fu Panda,"Animation, Family, Comedy, Action, Adventure",movie,en
286217,The Martian,"Drama, Adventure, Science Fiction",movie,en
12155,Alice in Wonderland,"Family, Fantasy, Adventure",movie,en
438695,Sing 2,"Family, Comedy, Music, Animation",movie,en
1411773,The Last Stand of Ellen Cole,"Action, Adventure",movie,en
273477,Scouts Guide to the Zombie Apocalypse,"Comedy, Horror",movie,en
929590,Civil War,"War, Action, Drama",movie,en
937287,Challengers,"Drama, Romance",movie,en
284054,Black Panther,"Action, Adventure, Science Fiction",movie,en
68726,Pacific Rim,"Action, Science Fiction, Adventure",movie,en
204082,Homefront,"Action, Thriller",movie,en
10193,Toy Story 3,"Animation, Family, Comedy",movie,en
105825,Erotic Ghost Story III,"Horror, Drama, Fantasy",movie,cn
1358797,Breathing Underwater,Drama,movie,fr
1104845,Plankton: The Movie,"Animation, Adventure, Comedy, Family, Fantasy",movie,en
9820,The Parent Trap,"Comedy, Family, Romance",movie,en
119051,Wednesday,"Sci-Fi & Fantasy, Mystery, Comedy",tv,en
121876,Divas Hit the Road,Reality,tv,zh
79744,The Rookie,"Crime, Drama, Comedy",tv,en
93405,Squid Game,"Action & Adventure, Mystery, Drama",tv,ko
2734,Law & Order: Special Victims Unit,"Crime, Drama, Mystery",tv,en
1416,Grey's Anatomy,Drama,tv,en
194766,The Summer I Turned Pretty,Drama,tv,en
1405,Dexter,"Crime, Drama, Mystery",tv,en
1622,Supernatural,"Drama, Mystery, Sci-Fi & Fantasy",tv,en
1434,Family Guy,"Animation, Comedy",tv,en
196890,Chief of War,Drama,tv,en
256911,The Last American Gay Bar,Documentary,tv,en
1399,Game of Thrones,"Sci-Fi & Fantasy, Drama, Action & Adventure",tv,en
4614,NCIS,"Crime, Drama, Action & Adventure",tv,en
2288,Prison Break,"Action & Adventure, Crime, Drama",tv,en
549,Law & Order,"Crime, Drama",tv,en
456,The Simpsons,"Family, Animation, Comedy",tv,en
4057,Criminal Minds,"Crime, Drama, Mystery",tv,en
292035,Revenged Love,"Drama, Action & Adventure",tv,zh
1396,Breaking Bad,"Drama, Crime",tv,en
764,Midsomer Murders,"Crime, Drama, Mystery",tv,en
207484,Outlander: Blood of My Blood,Drama,tv,en
279060,Chespirito: Not Really on Purpose,"Drama, Comedy",tv,es
1408,House,"Drama, Mystery, Comedy",tv,en
157239,Alien: Earth,"Sci-Fi & Fantasy, Drama",tv,en
1431,CSI: Crime Scene Investigation,"Crime, Drama, Mystery",tv,en
207468,Kaiju No. 8,"Animation, Action & Adventure, Sci-Fi & Fantasy",tv,ja
2224,The Daily Show,"News, Comedy",tv,en
60625,Rick and Morty,"Animation, Comedy, Sci-Fi & Fantasy, Action & Adventure",tv,en
34307,Shameless,"Drama, Comedy",tv,en
1433,American Dad!,"Animation, Comedy",tv,en
60585,Bosch,"Mystery, Drama, Crime",tv,en
1402,The Walking Dead,"Action & Adventure, Drama, Sci-Fi & Fantasy",tv,en
240411,Dan Da Dan,"Animation, Action & Adventure, Comedy, Sci-Fi & Fantasy",tv,ja
46952,The Blacklist,"Drama, Crime, Mystery",tv,en
1911,Bones,"Crime, Drama",tv,en
244808,Nukitashi the Animation,"Animation, Comedy, Drama, Sci-Fi & Fantasy",tv,ja
18165,The Vampire Diaries,"Drama, Sci-Fi & Fantasy",tv,en
63174,Lucifer,"Crime, Sci-Fi & Fantasy",tv,en
44217,Vikings,"Action & Adventure, Drama, War & Politics",tv,en
66732,Stranger Things,"Drama, Sci-Fi & Fantasy, Mystery",tv,en
4376,JAG,"Drama, Action & Adventure, Crime",tv,en
693,Desperate Housewives,"Mystery, Drama, Comedy",tv,en
1668,Friends,Comedy,tv,en
5920,The Mentalist,"Crime, Drama, Mystery",tv,en
1412,Arrow,"Crime, Drama, Action & Adventure",tv,en
1419,Castle,"Drama, Crime",tv,en
60735,The Flash,"Drama, Sci-Fi & Fantasy",tv,en
207332,SAKAMOTO DAYS,"Animation, Comedy, Action & Adventure",tv,ja
4604,Smallville,"Sci-Fi & Fantasy, Action & Adventure, Drama",tv,en
2316,The Office,Comedy,tv,en
210865,Golden Boy,"Family, Drama",tv,tr
124364,FROM,"Mystery, Drama, Sci-Fi & Fantasy",tv,en
44006,Chicago Fire,Drama,tv,en
65334,Miraculous: Tales of Ladybug & Cat Noir,"Action & Adventure, Animation, Kids",tv,fr
259909,Dexter: Resurrection,"Crime, Drama",tv,en
2691,Two and a Half Men,Comedy,tv,en
256721,Gachiakuta,"Animation, Action & Adventure, Drama, Sci-Fi & Fantasy",tv,ja
1421,Modern Family,Comedy,tv,en
1620,CSI: Miami,"Drama, Mystery, Crime",tv,en
4607,Lost,"Mystery, Action & Adventure, Drama",tv,en
93740,Foundation,"Sci-Fi & Fantasy, Drama",tv,en
57243,Doctor Who,"Action & Adventure, Drama, Sci-Fi & Fantasy",tv,en
73586,Yellowstone,"Western, Drama",tv,en
3034,Scene of the Crime,"Drama, Crime",tv,de
4177,Perry Mason,"Mystery, Drama, Crime",tv,en
243224,The Immortal Ascension,"Drama, Sci-Fi & Fantasy",tv,zh
1973,24,"Action & Adventure, Drama, Crime",tv,en
37680,Suits,Drama,tv,en
1667,Saturday Night Live,"Comedy, News",tv,en
32798,Hawaii Five-0,"Crime, Drama, Action & Adventure",tv,en
81356,Sex Education,"Comedy, Drama",tv,en
2179,"Quincy, M.E.","Crime, Drama, Mystery",tv,en
1018,Bonanza,"Western, Action & Adventure, Drama, Family",tv,en
32692,Blue Bloods,"Crime, Drama",tv,en
4656,Raw,Reality,tv,en
1823,The Love Boat,"Drama, Comedy",tv,en
60574,Peaky Blinders,"Drama, Crime",tv,en
873,Columbo,"Crime, Drama",tv,en
127532,Solo Leveling,"Animation, Action & Adventure, Sci-Fi & Fantasy",tv,ja
58841,Chicago P.D.,"Crime, Drama",tv,en
232230,Lord of Mysteries,"Animation, Mystery, Sci-Fi & Fantasy",tv,zh
1447,Psych,"Comedy, Drama, Mystery, Crime",tv,en
1100,How I Met Your Mother,Comedy,tv,en
98031,Keep Running,"Comedy, Reality",tv,zh
2190,South Park,"Animation, Comedy",tv,en
240686,Legend of the Female General,Drama,tv,zh
2261,The Tonight Show Starring Johnny Carson,Talk,tv,en
71712,The Good Doctor,Drama,tv,en
71790,S.W.A.T.,"Crime, Action & Adventure, Drama",tv,en
1398,The Sopranos,"Crime, Drama",tv,en
247718,MobLand,"Crime, Drama",tv,en
206559,Binnelanders,Soap,tv,af
238331,Genshin Impact Fanfiction,,tv,zh
57532,PAW Patrol,"Animation, Kids",tv,en
59941,The Tonight Show Starring Jimmy Fallon,"Comedy, Talk",tv,en
3562,NOVA,Documentary,tv,en
34524,Teen Wolf,"Sci-Fi & Fantasy, Drama, Comedy",tv,en
296834,Duel on Mount Hua,"Action & Adventure, Drama",tv,zh
46260,Naruto,"Animation, Action & Adventure, Sci-Fi & Fantasy",tv,ja
37606,The Amazing World of Gumball,"Animation, Family, Sci-Fi & Fantasy, Comedy",tv,en
4582,Ironside,"Crime, Drama, Mystery",tv,en
1981,Charmed,"Comedy, Drama, Mystery, Sci-Fi & Fantasy",tv,en
2122,King of the Hill,"Animation, Comedy, Family",tv,en
65733,Doraemon,"Action & Adventure, Animation, Comedy, Sci-Fi & Fantasy, Kids, Family",tv,ja
71728,Young Sheldon,"Comedy, Family, Drama",tv,en
75219,9-1-1,"Drama, Crime, Action & Adventure",tv,en
790,Agatha Christie's Poirot,"Crime, Drama, Mystery",tv,en
230318,Открытый брак,,tv,ru
4087,The X-Files,"Mystery, Sci-Fi & Fantasy, Crime",tv,en
30984,Bleach,"Action & Adventure, Animation, Sci-Fi & Fantasy",tv,ja
4546,Curb Your Enthusiasm,Comedy,tv,en
2004,Malcolm in the Middle,Comedy,tv,en
108978,Reacher,"Action & Adventure, Drama, Crime",tv,en
106,The Andy Griffith Show,"Comedy, Family",tv,en
78191,You,Crime,tv,en
60572,Pokémon,"Animation, Action & Adventure, Sci-Fi & Fantasy",tv,ja
90802,The Sandman,"Sci-Fi & Fantasy, Drama, Action & Adventure",tv,en
4601,Law & Order: Criminal Intent,Drama,tv,en
128052,"Sex, Insta & ZNO","Drama, Comedy",tv,uk
106449,A Record of a Mortal's Journey to Immortality,"Animation, Action & Adventure, Sci-Fi & Fantasy",tv,zh
62650,Chicago Med,Drama,tv,en
1220,The Graham Norton Show,"Comedy, Talk",tv,en
4629,Stargate SG-1,"Sci-Fi & Fantasy, Action & Adventure",tv,en
125988,Silo,"Sci-Fi & Fantasy, Drama",tv,en
1409,Sons of Anarchy,"Crime, Drama",tv,en
484,"Murder, She Wrote","Mystery, Crime, Drama",tv,en
953,Maverick,"Comedy, Western",tv,en
12447,Climax!,"Drama, Mystery",tv,en
76479,The Boys,"Sci-Fi & Fantasy, Action & Adventure",tv,en
46296,Spartacus,Drama,tv,en
502,Sesame Street,"Kids, Comedy",tv,en
1695,Monk,"Comedy, Crime, Mystery",tv,en
223911,Renegade Immortal,"Action & Adventure, Animation, Drama, Sci-Fi & Fantasy",tv,zh
71932,AVN Awards,Reality,tv,en
256317,Countdown,"Drama, Crime, Mystery",tv,en
241388,Eyes of Wakanda,"Animation, Action & Adventure, Sci-Fi & Fantasy",tv,en
2593,Without a Trace,"Crime, Mystery, Action & Adventure, Drama",tv,en
2661,Kamen Rider,"Action & Adventure, Sci-Fi & Fantasy, Drama",tv,ja
41956,Death in Paradise,"Comedy, Crime, Drama, Mystery",tv,en
2287,Batman,"Sci-Fi & Fantasy, Comedy, Action & Adventure",tv,en
248852,UNTAMED,"Mystery, Drama",tv,en
61818,Late Night with Seth Meyers,"Talk, Comedy",tv,en
42009,Black Mirror,"Sci-Fi & Fantasy, Drama, Mystery",tv,en
271607,The Fragrant Flower Blooms with Dignity,"Animation, Drama, Comedy",tv,ja
22980,Watch What Happens Live with Andy Cohen,"Talk, Comedy",tv,en
46648,True Detective,"Drama, Mystery",tv,en
17610,NCIS: Los Angeles,"Action & Adventure, Drama, Crime, Mystery",tv,en
222766,The Day of the Jackal,"Drama, Action & Adventure, Mystery",tv,en
3828,Hill Street Blues,"Drama, Crime",tv,en
15260,Adventure Time,"Animation, Comedy, Sci-Fi & Fantasy",tv,en
82873,The Kelly Clarkson Show,Talk,tv,en
12337,The Life and Legend of Wyatt Earp,"Drama, Western",tv,en
57706,Ranma ½,"Comedy, Action & Adventure, Animation, Sci-Fi & Fantasy",tv,ja
153312,Tulsa King,"Crime, Drama, Comedy",tv,en
4046,Spooks,"Drama, Action & Adventure, Crime",tv,en
64199,Sneaky Pete,"Drama, Crime",tv,en
1877,Phineas and Ferb,"Animation, Comedy, Family, Sci-Fi & Fantasy",tv,en
1422,The Middle,Comedy,tv,en
253372,The Institute,"Mystery, Sci-Fi & Fantasy",tv,en
1606,Ghost Whisperer,"Sci-Fi & Fantasy, Mystery, Drama",tv,en
12971,Dragon Ball Z,"Animation, Sci-Fi & Fantasy, Action & Adventure",tv,ja
95557,INVINCIBLE,"Animation, Sci-Fi & Fantasy, Action & Adventure, Drama",tv,en
4482,Bewitched,"Sci-Fi & Fantasy, Comedy, Family, Drama",tv,en
62688,Supergirl,"Drama, Sci-Fi & Fantasy, Action & Adventure",tv,en
95479,JUJUTSU KAISEN,"Animation, Action & Adventure, Sci-Fi & Fantasy",tv,ja
3050,The Practice,Drama,tv,en
48866,The 100,"Sci-Fi & Fantasy, Action & Adventure, Drama, Crime",tv,en
74016,The Resident,Drama,tv,en
1400,Seinfeld,Comedy,tv,en
85552,Euphoria,Drama,tv,en
10180,The Virginian,"Western, Drama",tv,en
10083,The Fugitive,"Action & Adventure, Drama, Mystery",tv,en
39351,Grimm,"Drama, Mystery, Sci-Fi & Fantasy",tv,en
1450,The Closer,"Crime, Drama, Mystery",tv,en
32726,Bob's Burgers,"Animation, Comedy",tv,en
11576,Bob Hope Presents the Chrysler Theatre,"Drama, Comedy, Talk",tv,en
48891,Brooklyn Nine-Nine,"Comedy, Crime",tv,en
200709,Weak Hero,"Action & Adventure, Drama",tv,ko
1181,American Experience,Documentary,tv,en
241002,Adam's Sweet Agony,Animation,tv,ja
77169,Cobra Kai,"Action & Adventure, Drama, Comedy",tv,en
80748,FBI,"Crime, Action & Adventure, Drama",tv,en
45,Top Gear,"Reality, Talk",tv,en
235351,The Legend of Heroes,"Action & Adventure, Drama",tv,zh
1737,Four Star Playhouse,"Drama, Comedy",tv,en
4660,Adam-12,"Crime, Drama",tv,en
496,Family Ties,"Comedy, Drama, Family",tv,en
30801,2 Days and 1 Night,"Comedy, Reality",tv,ko
688,The West Wing,Drama,tv,en
2389,Las Vegas,"Drama, Action & Adventure, Crime",tv,en
95,Buffy the Vampire Slayer,"Sci-Fi & Fantasy, Comedy, Drama, Action & Adventure",tv,en
4386,Baywatch,"Action & Adventure, Drama, Crime",tv,en
46298,Hunter x Hunter,"Animation, Action & Adventure, Sci-Fi & Fantasy",tv,ja
3782,Naked City,"Drama, Crime, Action & Adventure",tv,en
5092,Infinite Challenge,"Reality, Comedy",tv,ko
85077,The Chosen,"Drama, Family, Action & Adventure",tv,en
231280,Good Boy,"Crime, Comedy, Action & Adventure, Drama",tv,ko
62710,Blindspot,"Crime, Drama, Action & Adventure",tv,en
95897,Overflow,"Animation, Comedy",tv,ja
1435,The Good Wife,Drama,tv,en
609,Green Acres,Comedy,tv,en
111803,The White Lotus,"Comedy, Drama, Mystery",tv,en
17362,Dr. Kildare,Drama,tv,en
2352,The Nanny,"Comedy, Family",tv,en
84773,The Lord of the Rings: The Rings of Power,"Action & Adventure, Sci-Fi & Fantasy, Drama",tv,en
3452,Frasier,"Comedy, Family",tv,en
123249,My Dress-Up Darling,"Animation, Comedy, Drama",tv,ja
31132,Regular Show,"Animation, Comedy",tv,en
100088,The Last of Us,Drama,tv,en
1403,Marvel's Agents of S.H.I.E.L.D.,"Drama, Sci-Fi & Fantasy, Action & Adventure",tv,en
97,The Drew Carey Show,Comedy,tv,en
233643,Secret Mission - Undercover Agents Never Back Down!,Animation,tv,ja
76669,Elite,"Crime, Mystery, Drama",tv,es
2774,The Untouchables,"Drama, Crime",tv,en
14575,The Steve Allen Show,Comedy,tv,en
4608,30 Rock,Comedy,tv,en
4544,Strong Medicine,Drama,tv,en
90,Mayday,"Documentary, Drama, Crime",tv,en
21145,Natural World,Documentary,tv,en
10536,The Mike Douglas Show,"Comedy, Talk",tv,en
80752,See,"Drama, Sci-Fi & Fantasy, Action & Adventure",tv,en
655,Star Trek: The Next Generation,"Sci-Fi & Fantasy, Action & Adventure, Drama, Mystery",tv,en
71694,Snowfall,"Drama, Crime",tv,en
215995,Smoke,"Drama, Crime",tv,en
12225,Peppa Pig,"Animation, Kids",tv,en
97072,Charmsukh,Drama,tv,hi
290276,Unspeakable Sins,Drama,tv,es
105,Sex and the City,"Comedy, Drama",tv,en
253,Star Trek,"Sci-Fi & Fantasy, Drama",tv,en
60622,Fargo,"Crime, Drama",tv,en
133748,Twisted Metal,"Action & Adventure, Comedy",tv,en
269,One Tree Hill,Drama,tv,en
31910,Naruto Shippūden,"Animation, Action & Adventure, Sci-Fi & Fantasy",tv,ja
2187,Reno 911!,Comedy,tv,en
1418,The Big Bang Theory,Comedy,tv,en
1759,The Cosby Show,"Comedy, Family",tv,en
4588,ER,Drama,tv,en
1438,The Wire,"Crime, Drama",tv,en
1705,Fringe,"Sci-Fi & Fantasy, Drama, Mystery",tv,en
1395,Gossip Girl,"Drama, Mystery",tv,en
95603,Kuruluş Osman,"War & Politics, Action & Adventure, Drama",tv,tr
258025,Head Over Heels,"Sci-Fi & Fantasy, Drama, Comedy",tv,ko
2140,Everybody Loves Raymond,Comedy,tv,en
4586,Gilmore Girls,"Comedy, Drama",tv,en
103516,Star Trek: Strange New Worlds,Sci-Fi & Fantasy,tv,en
94997,House of the Dragon,"Sci-Fi & Fantasy, Drama, Action & Adventure",tv,en
95396,Severance,"Drama, Mystery, Sci-Fi & Fantasy",tv,en
66465,The Kapil Sharma Show,"Comedy, Talk",tv,hi
49009,The Goldbergs,"Family, Comedy",tv,en
91552,Departure,"Drama, Crime",tv,en
204746,The Jennifer Hudson Show,Talk,tv,en
1966,Horizon,Documentary,tv,en
141,Cheers,Comedy,tv,en
88924,Fashion Photo RuView,Talk,tv,en
918,M*A*S*H,"War & Politics, Drama, Comedy",tv,en
1415,Elementary,"Drama, Mystery, Crime",tv,en
10649,The Donna Reed Show,"Comedy, Family",tv,en
1413,American Horror Story,"Drama, Mystery, Sci-Fi & Fantasy",tv,en
1417,Glee,"Comedy, Drama",tv,en
72649,Hot Ones,"Talk, Comedy",tv,en
60059,Better Call Saul,"Crime, Drama",tv,en
2025,"Beverly Hills, 90210","Drama, Soap",tv,en
2370,Hell's Kitchen,Reality,tv,en
1918,The Twilight Zone,"Sci-Fi & Fantasy, Drama, Mystery",tv,en
69478,The Handmaid's Tale,"Drama, Sci-Fi & Fantasy",tv,en
63770,The Late Show with Stephen Colbert,"Comedy, Talk",tv,en
5133,Leave It to Beaver,"Comedy, Family",tv,en
10980,"Have Gun, Will Travel","Western, Action & Adventure, Drama",tv,en
1432,Veronica Mars,"Mystery, Drama, Comedy",tv,en
56570,Outlander,"Drama, Sci-Fi & Fantasy",tv,en
13897,Ben Casey,Drama,tv,en
3750,Nip/Tuck,Drama,tv,en
1781,Little House on the Prairie,"Western, Drama, Family",tv,en
651,60 Minutes,News,tv,en
154770,Hello Saturday,Reality,tv,zh
2840,Earth: Final Conflict,"Sci-Fi & Fantasy, Drama, Action & Adventure, Mystery",tv,en
1411,Person of Interest,"Drama, Action & Adventure, Crime, Sci-Fi & Fantasy",tv,en
36,Medium,"Crime, Drama, Mystery, Sci-Fi & Fantasy",tv,en
112211,Platonic,Comedy,tv,en
85723,Raised by Wolves,"Sci-Fi & Fantasy, Drama",tv,en
278196,The Summer Hikaru Died,"Animation, Mystery, Drama, Sci-Fi & Fantasy",tv,ja
40,Dallas,"Soap, Drama, Family",tv,en
13654,Play for Today,Drama,tv,en
62176,Phantom: The Animation,"Animation, Drama, Action & Adventure",tv,ja
220542,The Apothecary Diaries,"Animation, Drama, Mystery",tv,ja
13805,A Girl's Guide to 21st Century Sex,Documentary,tv,en
4500,The Wonder Years,"Comedy, Drama, Family",tv,en
2093,Matlock,"Drama, Crime",tv,en
5368,Lassie,"Action & Adventure, Drama, Family, Comedy",tv,en
241554,Murderbot,"Comedy, Drama, Sci-Fi & Fantasy",tv,en
615,Futurama,"Animation, Comedy, Sci-Fi & Fantasy",tv,en
2875,MacGyver,"Drama, Action & Adventure, Crime",tv,en
4598,Boston Legal,"Comedy, Drama",tv,en
39272,Once Upon a Time,"Drama, Sci-Fi & Fantasy",tv,en
69050,Riverdale,"Crime, Drama, Mystery",tv,en
213338,The Buccaneers,Drama,tv,en
2710,It's Always Sunny in Philadelphia,Comedy,tv,en
3022,Rugrats,"Family, Animation, Kids, Comedy",tv,en
49011,Mom,"Comedy, Drama",tv,en
607,The Powerpuff Girls,"Action & Adventure, Animation, Comedy, Kids, Family",tv,en
3213,"Marcus Welby, M.D.",Drama,tv,en
4630,The Fairly OddParents,"Animation, Comedy, Sci-Fi & Fantasy, Kids",tv,en
93,Falcon Crest,"Soap, Drama",tv,en
96580,Resident Alien,Sci-Fi & Fantasy,tv,en
95480,Slow Horses,"Crime, Drama, Comedy",tv,en
46896,The Originals,"Sci-Fi & Fantasy, Drama, Mystery",tv,en
100757,Outer Banks,"Action & Adventure, Drama, Mystery",tv,en
39185,Vera,"Crime, Drama, Mystery",tv,en
232402,S Line,"Sci-Fi & Fantasy, Drama, Mystery",tv,ko
253811,Tougen Anki,"Animation, Mystery, Action & Adventure",tv,ja
2686,Three's Company,Comedy,tv,en
1908,Miami Vice,"Crime, Drama",tv,en
62643,DC's Legends of Tomorrow,"Action & Adventure, Sci-Fi & Fantasy, Drama",tv,en
71914,The Wheel of Time,"Sci-Fi & Fantasy, Drama",tv,en
4610,Hannah Montana,"Comedy, Family",tv,en
1930,The Beverly Hillbillies,"Comedy, Family",tv,en
33238,Running Man,"Comedy, Reality",tv,ko
13859,The Rifleman,"Action & Adventure, Western, Family",tv,en
81723,The Gilded Age,Drama,tv,en
97546,Ted Lasso,"Drama, Comedy",tv,en
79481,Fights Break Sphere,"Animation, Action & Adventure, Sci-Fi & Fantasy",tv,zh
1414,The Shield,"Crime, Drama, Action & Adventure",tv,en
4397,V.I.P.,"Action & Adventure, Comedy, Crime",tv,en
127235,Invasion,"Sci-Fi & Fantasy, Drama",tv,en
2673,The O.C.,Drama,tv,en
3382,Charlie's Angels,Action & Adventure,tv,en
3346,Petticoat Junction,"Comedy, Family",tv,en
2730,I Love Lucy,"Comedy, Family",tv,en
14944,Robert Montgomery Presents,Drama,tv,en
2484,RI:SE,,tv,en
1530,My Three Sons,"Comedy, Family",tv,en
1855,Star Trek: Voyager,"Sci-Fi & Fantasy, Drama, Action & Adventure",tv,en
112888,True Beauty,"Comedy, Drama",tv,ko
283123,Eşref Rüya,Drama,tv,tr
240,Jackie Chan Adventures,"Action & Adventure, Animation, Comedy, Sci-Fi & Fantasy",tv,en
4349,Melrose Place,"Drama, Soap",tv,en
284488,Harmony Secret,Drama,tv,th
5375,Emergency!,"Action & Adventure, Drama",tv,en
111110,ONE PIECE,"Action & Adventure, Sci-Fi & Fantasy",tv,en
39852,The Sinner,"Crime, Drama",tv,en
30048,Tony Awards,,tv,en
1920,Twin Peaks,"Drama, Mystery",tv,en
39269,Scandal,Drama,tv,en
2222,The Division,Drama,tv,en
60708,Gotham,"Drama, Crime, Sci-Fi & Fantasy",tv,en
30,St. Elsewhere,Drama,tv,en
4239,Married... with Children,Comedy,tv,en
71789,SEAL Team,"Action & Adventure, Drama, War & Politics",tv,en
2458,CSI: NY,"Crime, Drama, Mystery",tv,en
47,El Chavo del Ocho,"Comedy, Family, Drama",tv,es
1972,Battlestar Galactica,"Sci-Fi & Fantasy, Action & Adventure, Drama",tv,en
10545,True Blood,"Sci-Fi & Fantasy, Drama, Mystery",tv,en
4357,Mission: Impossible,"Action & Adventure, Crime, Drama",tv,en
2171,Cold Case,"Crime, Drama, Mystery",tv,en
14929,Heartland,"Family, Drama, Comedy",tv,en
67384,Goliath,"Crime, Drama",tv,en
33217,Young Justice,"Animation, Sci-Fi & Fantasy, Action & Adventure",tv,en
3769,Dynasty,"Soap, Drama",tv,en
7225,Merlin,"Action & Adventure, Drama, Sci-Fi & Fantasy",tv,en
1215,Californication,"Comedy, Drama",tv,en
86831,"Love, Death & Robots","Animation, Sci-Fi & Fantasy",tv,en
239826,Ballard,"Drama, Crime",tv,en
21762,Parenthood,Drama,tv,en
31917,Pretty Little Liars,"Drama, Mystery",tv,en
45140,Teen Titans Go!,"Animation, Action & Adventure, Comedy, Family, Sci-Fi & Fantasy",tv,en
709,Robot Chicken,"Comedy, Animation",tv,en
33907,Downton Abbey,Drama,tv,en
512,Third Watch,"Drama, Crime",tv,en
63333,The Last Kingdom,"Action & Adventure, Drama, War & Politics",tv,en
11096,The High Chaparral,"Western, Drama",tv,en
1871,EastEnders,"Soap, Drama, Crime",tv,en
30983,Case Closed,"Animation, Crime, Mystery, Comedy",tv,ja
74428,Rosario Tijeras (Mexico),"Drama, Crime",tv,es
2144,The Lucy Show,Comedy,tv,en
1940,Entourage,"Comedy, Drama",tv,en
1636,Top of the Pops,Reality,tv,en
243881,House of David,Drama,tv,en
32415,Conan,"Talk, Comedy, News",tv,en
37854,One Piece,"Action & Adventure, Comedy, Animation",tv,ja
12786,Murdoch Mysteries,"Mystery, Drama",tv,en
94664,Mushoku Tensei: Jobless Reincarnation,"Action & Adventure, Animation, Sci-Fi & Fantasy",tv,ja
67198,Star Trek: Discovery,"Sci-Fi & Fantasy, Action & Adventure, Drama",tv,en
732,L.A. Law,"Drama, War & Politics",tv,en
578,Numb3rs,"Crime, Drama, Mystery",tv,en
1950,Everwood,"Drama, Family",tv,en
74225,GOING SEVENTEEN,"Reality, Comedy, Talk",tv,ko
2359,Spin City,"Comedy, Drama",tv,en
1104,Mad Men,Drama,tv,en
2625,Diagnosis: Murder,"Drama, Family, Mystery",tv,en
291,Coronation Street,Soap,tv,en
12323,Beyond Belief: Fact or Fiction,"Documentary, Mystery, Reality",tv,en
4556,Scrubs,Comedy,tv,en
14658,Survivor,Reality,tv,en
2327,Dawson's Creek,"Drama, Soap",tv,en
5371,iCarly,"Comedy, Kids",tv,en
945,Burke's Law,Drama,tv,en
110316,Alice in Borderland,"Mystery, Drama, Action & Adventure",tv,ja
3716,Dragnet,"Drama, Crime",tv,en
62852,Billions,Drama,tv,en
231100,Boundless Love,"Drama, Crime, Soap",tv,tr
10929,The Wild Wild West,"Action & Adventure, Comedy, Drama, Western, Sci-Fi & Fantasy",tv,en
211,The Game,"Drama, Comedy",tv,en
32895,Rizzoli & Isles,"Crime, Drama, Mystery, Comedy",tv,en
4454,Will & Grace,Comedy,tv,en
46880,The Fosters,Drama,tv,en
82728,Bluey,"Animation, Kids, Comedy",tv,en
2391,Tales from the Crypt,"Comedy, Mystery, Crime, Sci-Fi & Fantasy",tv,en
6081,Wagon Train,"Western, Drama, Family",tv,en
4238,The King of Queens,Comedy,tv,en
4313,Full House,"Comedy, Family",tv,en
799,Sherlock Holmes,"Crime, Drama, Mystery",tv,en
18202,Cougar Town,Comedy,tv,en
46195,Monogatari,"Animation, Comedy, Drama, Mystery",tv,ja
136315,The Bear,"Drama, Comedy",tv,en
252,Everybody Hates Chris,Comedy,tv,en
215522,We Were Liars,"Drama, Mystery",tv,en
4316,Combat!,"War & Politics, Drama",tv,en
117581,Ginny & Georgia,"Comedy, Drama",tv,en
2026,Judging Amy,Drama,tv,en
4620,Eureka,"Sci-Fi & Fantasy, Comedy, Drama",tv,en
1558,Home Improvement,Comedy,tv,en
10283,Archer,"Comedy, Action & Adventure, Animation",tv,en
4194,Star Wars: The Clone Wars,"Action & Adventure, Sci-Fi & Fantasy, Animation",tv,en
4860,Waking the Dead,"Crime, Mystery, Drama",tv,en
21510,White Collar,"Crime, Drama, Mystery",tv,en
1663,The Six Million Dollar Man,"Sci-Fi & Fantasy, Action & Adventure, Drama",tv,en
114471,Ironheart,"Sci-Fi & Fantasy, Crime",tv,en
21728,The Alfred Hitchcock Hour,"Crime, Mystery, Drama",tv,en
60866,iZombie,"Drama, Crime, Sci-Fi & Fantasy",tv,en
720,DuckTales,"Animation, Mystery, Sci-Fi & Fantasy, Comedy, Kids",tv,en
61889,Marvel's Daredevil,"Crime, Drama, Action & Adventure",tv,en
2303,Hawaii Five-O,"Action & Adventure, Drama",tv,en
113962,Lioness,"Drama, War & Politics",tv,en
2406,Crossing Jordan,Drama,tv,en
2813,Mannix,"Action & Adventure, Crime, Mystery, Drama",tv,en
65942,Re:ZERO -Starting Life in Another World-,"Animation, Comedy, Action & Adventure, Sci-Fi & Fantasy",tv,ja
41727,Banshee,"Crime, Drama",tv,en
5367,Hawaiian Eye,"Crime, Drama",tv,en
1420,New Girl,Comedy,tv,en
1514,The One Show,Talk,tv,en
19885,Sherlock,"Crime, Drama, Mystery",tv,en
209867,Frieren: Beyond Journey's End,"Animation, Action & Adventure, Drama, Sci-Fi & Fantasy",tv,ja
2384,Knight Rider,"Action & Adventure, Drama, Sci-Fi & Fantasy, Crime",tv,en
33880,The Legend of Korra,"Animation, Action & Adventure, Sci-Fi & Fantasy",tv,en
79593,Magnum P.I.,"Action & Adventure, Drama, Crime",tv,en
220150,Pokémon Horizons,"Sci-Fi & Fantasy, Action & Adventure, Kids, Comedy, Animation",tv,ja
63401,We Bare Bears,"Family, Comedy, Animation, Kids",tv,en
1448,thirtysomething,Drama,tv,en
52,That '70s Show,"Comedy, Family, Drama",tv,en
83853,Asa ga Kita,Drama,tv,ja
131041,BLUE LOCK,"Animation, Action & Adventure, Drama",tv,ja
106379,Fallout,"Action & Adventure, Drama",tv,en
33765,My Little Pony: Friendship Is Magic,"Animation, Comedy, Sci-Fi & Fantasy, Kids",tv,en
20532,BBC Play of the Month,Drama,tv,en
1791,The Guardian,Drama,tv,en
15487,Tales of Tomorrow,Sci-Fi & Fantasy,tv,en
954,The Rockford Files,"Crime, Drama, Mystery",tv,en
3626,American Idol,Reality,tv,en
60694,Last Week Tonight with John Oliver,"Talk, Comedy, News",tv,en
50,Pacific Blue,"Drama, Action & Adventure, Crime, War & Politics",tv,en
14951,Nature,"Documentary, Family",tv,en
500,Mad About You,Comedy,tv,en
135934,The Legend of Vox Machina,"Animation, Sci-Fi & Fantasy",tv,en
43348,Pablo Escobar: The Drug Lord,"Crime, Drama",tv,es
5021,The Waltons,Drama,tv,en
10048,Reading Rainbow,Kids,tv,en
18347,Community,Comedy,tv,en
3322,Oz,"Crime, Drama",tv,en
121,Doctor Who,"Drama, Action & Adventure, Sci-Fi & Fantasy",tv,en
1516,The A-Team,"Action & Adventure, Comedy, Crime",tv,en
2345,Kim Possible,"Animation, Action & Adventure, Comedy, Kids",tv,en
186,Weeds,"Comedy, Crime, Drama",tv,en
3051,Lost in Space,"Sci-Fi & Fantasy, Comedy",tv,en
1424,Orange Is the New Black,"Comedy, Drama",tv,en
1803,The Facts of Life,"Drama, Comedy",tv,en
292554,"Marry Me, Let's Have a Baby!",Animation,tv,ja
3172,Private Practice,Drama,tv,en
6467,Chicago Hope,"Soap, Drama",tv,en
62017,The Man in the High Castle,"Sci-Fi & Fantasy, Drama",tv,en
11053,Daniel Boone,"Action & Adventure, Western",tv,en
31572,Lupin the 3rd,"Animation, Action & Adventure, Sci-Fi & Fantasy",tv,ja
4060,Medical Center,Drama,tv,en
71912,The Witcher,"Sci-Fi & Fantasy, Drama, Action & Adventure",tv,en
62286,Fear the Walking Dead,"Action & Adventure, Drama",tv,en
14814,Keeping Up with the Kardashians,Reality,tv,en
91239,Bridgerton,Drama,tv,en
39340,2 Broke Girls,Comedy,tv,en
27119,The Comic Strip Presents...,Comedy,tv,en
61056,How to Get Away with Murder,"Crime, Drama, Mystery",tv,en
1260,Duckman,"Animation, Comedy",tv,en
3670,Cops,Reality,tv,en
341,Brothers and Sisters,Drama,tv,en
69158,The Good Fight,Drama,tv,en
61222,BoJack Horseman,"Animation, Comedy, Drama",tv,en
120089,SPY x FAMILY,"Animation, Comedy, Action & Adventure",tv,ja
31654,Digimon: Digital Monsters,"Animation, Action & Adventure, Sci-Fi & Fantasy, Kids",tv,ja
4229,Dexter's Laboratory,"Animation, Comedy, Sci-Fi & Fantasy",tv,en
1274,Six Feet Under,Drama,tv,en
245215,"The Perfect Prince Loves Me, the Side Character?!",Animation,tv,en
63351,Narcos,"Crime, Drama",tv,en
247767,The Studio,"Comedy, Drama",tv,en
2191,One Day at a Time,Comedy,tv,en
1996,The Flintstones,"Family, Animation, Comedy, Kids",tv,en
60797,Scorpion,"Action & Adventure, Drama, Crime",tv,en
67557,The Grand Tour,"Reality, Comedy, Talk",tv,en
3469,Minder,"Comedy, Drama, Action & Adventure, Crime",tv,en
580,Star Trek: Deep Space Nine,"Sci-Fi & Fantasy, Action & Adventure, Drama",tv,en
96102,Hospital Playlist,"Drama, Comedy",tv,ko
133727,Acapulco,"Comedy, Drama",tv,en
1685,Project Runway,Reality,tv,en
128839,La Brea,"Sci-Fi & Fantasy, Drama, Action & Adventure",tv,en
155537,Black Bird,"Drama, Crime",tv,en
153657,Bosch: Legacy,"Crime, Drama",tv,en
244043,食贫道,Documentary,tv,zh
4018,Quantum Leap,"Sci-Fi & Fantasy, Action & Adventure, Drama",tv,en
4464,Homicide: Life on the Street,"Mystery, Drama, Crime",tv,en
17887,7de Laan,Soap,tv,af
65282,Home Alone,Reality,tv,ko
52814,Halo,"Sci-Fi & Fantasy, Action & Adventure",tv,en
67136,This Is Us,Drama,tv,en
1649,Sliders,"Action & Adventure, Sci-Fi & Fantasy",tv,en
13335,New Tricks,"Drama, Comedy",tv,en
10160,Big Brother,Reality,tv,en
3764,Hustle,"Comedy, Crime, Drama, Mystery",tv,en
2979,Cyberchase,"Animation, Comedy, Kids, Mystery",tv,en
61381,black-ish,Comedy,tv,en
21641,Good Luck Charlie,"Comedy, Family, Kids",tv,en
1508,Dancing with the Stars,"Family, Reality",tv,en
2317,My Name Is Earl,Comedy,tv,en
70523,Dark,"Crime, Drama, Sci-Fi & Fantasy, Mystery",tv,de
67133,MacGyver,"Drama, Action & Adventure",tv,en
40008,Hannibal,"Drama, Crime",tv,en
296298,La vorágine,Drama,tv,es
63247,Westworld,"Sci-Fi & Fantasy, Western",tv,en
10952,Rawhide,"Western, Drama",tv,en
503,Family Affair,"Comedy, Family",tv,en
1423,Ray Donovan,Drama,tv,en
258348,Clevatess,"Animation, Action & Adventure, Sci-Fi & Fantasy, Drama",tv,ja
2586,Sanford and Son,Comedy,tv,en
2290,Stargate Atlantis,"Sci-Fi & Fantasy, Action & Adventure, Drama",tv,en
83867,Andor,"Sci-Fi & Fantasy, Action & Adventure, Drama",tv,en
226637,High Potential,"Drama, Crime, Mystery",tv,en
105660,색녀도,"Reality, Comedy",tv,ko
474,Nash Bridges,"Action & Adventure, Drama",tv,en
1027,The Carol Burnett Show,"Comedy, Family",tv,en
734,"Magnum, P.I.","Action & Adventure, Crime, Drama, Mystery",tv,en
1404,Chuck,"Action & Adventure, Comedy, Drama",tv,en
600,Renegade,"Action & Adventure, Drama, Crime",tv,en
4269,The Transformers,"Animation, Kids, Action & Adventure, Sci-Fi & Fantasy",tv,en
70796,The Marvelous Mrs. Maisel,"Comedy, Drama",tv,en
96316,Rent-a-Girlfriend,"Animation, Comedy",tv,ja
4419,Real Time with Bill Maher,"Comedy, Talk",tv,en
124003,Perfect World,"Action & Adventure, Sci-Fi & Fantasy, Animation",tv,zh
50825,Sleepy Hollow,"Drama, Mystery, Sci-Fi & Fantasy",tv,en
38693,Ninjago: Masters of Spinjitzu,"Animation, Action & Adventure, Sci-Fi & Fantasy, Comedy",tv,en
82739,Rascal Does Not Dream of Bunny Girl Senpai,"Animation, Comedy, Mystery, Drama",tv,ja
1021,Casualty,"Drama, Soap",tv,en
45790,JoJo's Bizarre Adventure,"Animation, Action & Adventure, Sci-Fi & Fantasy",tv,ja
66840,Bull,"Crime, Drama, Comedy",tv,en
61378,Madam Secretary,"Drama, War & Politics",tv,en
15819,Warehouse 13,"Sci-Fi & Fantasy, Comedy, Action & Adventure, Drama",tv,en
4396,Northern Exposure,"Comedy, Drama, Sci-Fi & Fantasy",tv,en
203906,High (School) On Sex,"Comedy, Drama",tv,tl
113360,Jimihen!! Jimiko o Kae Chau Jun Isei Kouyuu,"Animation, Comedy",tv,ja
87917,For All Mankind,"Drama, Sci-Fi & Fantasy, War & Politics",tv,en
2408,The Wild Thornberrys,"Animation, Comedy, Action & Adventure, Kids, Family",tv,en
2455,Coach,Comedy,tv,en
10534,The Red Skelton Show,"Comedy, Talk, Family",tv,en
63639,The Expanse,"Drama, Mystery, Sci-Fi & Fantasy",tv,en
2396,Punk'd,"Comedy, Reality",tv,en
131927,Dexter: New Blood,"Drama, Crime",tv,en
57911,Doraemon,"Action & Adventure, Animation, Comedy, Sci-Fi & Fantasy, Kids, Family",tv,ja
1638,Providence,Drama,tv,en
61175,Steven Universe,"Animation, Comedy, Action & Adventure, Family, Sci-Fi & Fantasy",tv,en
78501,Sweet Punishment: I'm the Guard's Personal Pet,Animation,tv,ja
259812,Leyla,Drama,tv,tr
225634,Monsters,"Drama, Crime",tv,en
1921,Gilligan's Island,"Comedy, Family",tv,en
1938,227,"Comedy, Family",tv,en
